time,close
2024-03-11,28.75
2024-03-12,28.49
2024-03-13,29.02
2024-03-14,29.19
2024-03-15,29.19
2024-03-18,28.88
2024-03-19,29.58
2024-03-20,29.94
2024-03-21,30.33
2024-03-22,30.37
2024-03-25,29.76
2024-03-26,29.54
2024-03-27,29.8
2024-03-28,29.8
2024-03-29,30.11
2024-04-01,29.58
2024-04-02,29.58
2024-04-03,29.58
2024-04-04,29.54
2024-04-05,29.5
2024-04-08,29.72
2024-04-09,29.8
2024-04-10,29.72
2024-04-11,29.63
2024-04-12,30.81
2024-04-15,30.42
2024-04-16,30.37
2024-04-17,31.12
2024-04-19,30.37
2024-04-22,28.75
2024-04-23,28.45
2024-04-24,28.66
2024-04-25,28.53
2024-04-26,28.27
2024-05-02,28.53
2024-05-03,28.53
2024-05-06,28.58
2024-05-07,29.19
2024-05-08,29.19
2024-05-09,29.28
2024-05-10,29.15
2024-05-13,29.15
2024-05-14,28.84
2024-05-15,29.06
2024-05-16,29.37
2024-05-17,29.19
2024-05-20,29.1
2024-05-21,29.19
2024-05-22,29.06
2024-05-23,30.59
2024-05-24,29.58
2024-05-27,29.63
2024-05-28,29.63
2024-05-29,29.98
2024-05-30,29.8
2024-05-31,29.85
2024-06-03,30.2
2024-06-04,30.2
2024-06-05,29.98
2024-06-06,30.37
2024-06-07,30.16
2024-06-10,30.55
2024-06-11,30.99
2024-06-12,30.99
2024-06-13,31.38
2024-06-14,30.86
2024-06-17,30.68
2024-06-18,30.72
2024-06-19,31.51
2024-06-20,32.61
2024-06-21,32.0
2024-06-24,32.0
2024-06-25,32.52
2024-06-26,33.05
2024-06-27,32.87
2024-06-28,33.0
2024-07-01,32.7
2024-07-02,32.92
2024-07-03,32.92
2024-07-04,32.92
2024-07-05,32.87
2024-07-08,33.62
2024-07-09,35.33
2024-07-10,35.72
2024-07-11,38.16
2024-07-12,39.82
2024-07-15,42.6
2024-07-16,45.58
2024-07-17,42.41
2024-07-18,41.48
2024-07-19,39.72
2024-07-22,39.53
2024-07-23,40.11
2024-07-24,40.06
2024-07-25,39.58
2024-07-26,41.63
2024-07-29,41.97
2024-07-30,40.5
2024-07-31,39.97
2024-08-01,38.8
2024-08-02,39.77
2024-08-05,39.48
2024-08-06,40.11
2024-08-07,40.41
2024-08-08,40.26
2024-08-09,40.11
2024-08-12,41.14
2024-08-13,40.99
2024-08-14,41.43
2024-08-15,41.33
2024-08-16,42.46
2024-08-19,42.94
2024-08-20,43.09
2024-08-21,42.11
2024-08-22,42.07
2024-08-23,41.68
2024-08-26,41.48
2024-08-27,41.38
2024-08-28,41.19
2024-08-29,41.77
2024-08-30,42.85
2024-09-04,45.82
2024-09-05,44.55
2024-09-06,47.34
2024-09-09,46.95
2024-09-10,45.38
2024-09-11,45.43
2024-09-12,45.87
2024-09-13,45.87
2024-09-16,45.38
2024-09-17,48.56
2024-09-18,51.92
2024-09-19,51.14
2024-09-20,50.07
2024-09-23,50.56
2024-09-24,50.56
2024-09-25,49.09
2024-09-26,49.0
2024-09-27,49.09
2024-09-30,48.8
2024-10-01,48.9
2024-10-02,49.48
2024-10-03,48.7
2024-10-04,47.82
2024-10-07,47.04
2024-10-08,46.6
2024-10-09,45.97
2024-10-10,46.85
2024-10-11,46.85
2024-10-14,45.97
2024-10-15,45.68
2024-10-16,45.77
2024-10-17,45.87
2024-10-18,45.73
2024-10-21,43.38
2024-10-22,41.58
2024-10-23,42.26
2024-10-24,43.92
2024-10-25,43.68
2024-10-28,43.63
2024-10-29,43.33
2024-10-30,44.12
2024-10-31,43.92
2024-11-01,43.92
2024-11-04,43.24
2024-11-05,43.24
2024-11-06,43.19
2024-11-07,43.53
2024-11-08,42.94
2024-11-11,42.85
2024-11-12,42.21
2024-11-13,41.77
2024-11-14,41.77
2024-11-15,41.28
2024-11-18,40.8
2024-11-19,40.8
2024-11-20,40.8
2024-11-21,40.41
2024-11-22,40.36
2024-11-25,42.94
2024-11-26,42.65
2024-11-27,42.16
2024-11-28,43.77
2024-11-29,43.77
2024-12-02,44.41
2024-12-03,47.48
2024-12-04,46.85
2024-12-05,47.04
2024-12-06,45.29
2024-12-09,45.92
2024-12-10,46.99
2024-12-11,46.85
2024-12-12,48.31
2024-12-13,47.48
2024-12-16,46.41
2024-12-17,46.85
2024-12-18,46.85
2024-12-19,46.56
2024-12-20,47.14
2024-12-23,47.58
2024-12-24,47.34
2024-12-25,46.36
2024-12-26,47.29
2024-12-27,46.56
2024-12-30,46.12
2024-12-31,45.87
2025-01-02,46.21
2025-01-03,45.19
2025-01-06,42.46
2025-01-07,43.14
2025-01-08,42.99
2025-01-09,42.5
2025-01-10,42.65
2025-01-13,42.65
2025-01-14,41.97
2025-01-15,42.26
2025-01-16,42.46
2025-01-17,43.24
2025-01-20,43.82
2025-01-21,43.29
2025-01-22,44.12
2025-01-23,43.72
2025-01-24,43.14
2025-02-03,43.53
2025-02-04,44.12
2025-02-05,43.92
2025-02-06,45.87
2025-02-07,46.12
2025-02-10,45.34
2025-02-11,47.43
2025-02-12,46.85
2025-02-13,46.75
2025-02-14,46.95
2025-02-17,47.63
2025-02-18,47.68
2025-02-19,46.85
2025-02-20,48.07
2025-02-21,47.34
2025-02-24,46.95
2025-02-25,46.6
2025-02-26,46.85
2025-02-27,46.75
2025-02-28,46.75
2025-03-03,46.26
2025-03-04,45.92
2025-03-05,45.14
2025-03-06,45.48
2025-03-07,45.48
2025-03-10,44.85
2025-03-11,45.48
2025-03-12,47.73
2025-03-13,47.04
2025-03-14,47.04
2025-03-17,46.26
2025-03-18,46.85
2025-03-19,50.07
2025-03-20,50.75
2025-03-21,50.36
2025-03-24,46.85
2025-03-25,44.07
2025-03-26,44.51
2025-03-27,44.55
2025-03-28,44.46
2025-03-31,43.48
2025-04-01,43.92
2025-04-02,44.16
2025-04-03,41.09
2025-04-04,40.65
2025-04-08,37.82
2025-04-09,38.5
2025-04-10,41.19
2025-04-11,42.9
2025-04-14,42.85
2025-04-15,42.02
2025-04-16,41.87
2025-04-17,42.02
2025-04-18,42.41
2025-04-21,42.41
2025-04-22,40.99
2025-04-23,41.87
2025-04-24,42.55
2025-04-25,41.77
2025-04-28,41.97
2025-04-29,41.97
2025-05-05,42.46
2025-05-06,42.46
2025-05-07,43.33
2025-05-08,45.87
2025-05-09,48.12
2025-05-12,48.17
2025-05-13,46.36
2025-05-14,46.85
2025-05-15,48.02
2025-05-16,47.24
2025-05-19,48.75
2025-05-20,48.31
2025-05-21,49.0
2025-05-22,49.38
2025-05-23,50.75
2025-05-26,53.39
2025-05-27,51.53
2025-05-28,49.97
2025-05-29,51.14
2025-05-30,50.75
2025-06-02,51.24
2025-06-03,50.75
2025-06-04,50.46
2025-06-05,50.75
2025-06-06,50.95
2025-06-09,49.67
2025-06-10,49.96
2025-06-11,49.76
2025-06-12,50.16
2025-06-13,49.67
2025-06-16,50.85
2025-06-17,50.85
2025-06-18,50.55
2025-06-19,50.55
2025-06-20,50.85
2025-06-23,50.36
2025-06-24,50.55
2025-06-25,50.45
2025-06-26,50.36
2025-06-27,50.65
2025-06-30,50.85
2025-07-01,50.85
2025-07-02,51.24
2025-07-03,50.85
2025-07-04,51.24
2025-07-07,51.24
2025-07-08,51.44
2025-07-09,51.83
2025-07-10,51.93
2025-07-11,51.14
2025-07-14,51.05
2025-07-15,51.14
2025-07-16,51.05
2025-07-17,51.05
2025-07-18,50.95
2025-07-21,51.24
2025-07-22,51.44
2025-07-23,51.24
2025-07-24,51.24
2025-07-25,51.14
2025-07-28,51.14
2025-07-29,50.26
2025-07-30,49.76
2025-07-31,51.24
2025-08-01,51.93
2025-08-04,53.51
2025-08-05,53.02
2025-08-06,51.83
2025-08-07,51.64
2025-08-08,53.12
2025-08-11,52.33
2025-08-12,52.23
2025-08-13,53.8
2025-08-14,53.21
2025-08-15,54.2
2025-08-18,54.1
2025-08-19,53.51
2025-08-20,52.03
2025-08-21,53.21
2025-08-22,52.42
2025-08-25,51.93
2025-08-26,51.83
2025-08-27,51.74
2025-08-28,51.54
2025-08-29,53.02
2025-09-03,53.9
2025-09-04,53.9
2025-09-05,53.02
2025-09-08,54.59
2025-09-09,54.1
2025-09-10,53.71
2025-09-11,53.61
2025-09-12,53.71
2025-09-15,53.8
2025-09-16,52.52
2025-09-17,53.21
2025-09-18,52.33
2025-09-19,52.62
2025-09-22,52.42
2025-09-23,52.52
2025-09-24,52.33
2025-09-25,52.42
2025-09-26,52.23
2025-09-29,51.93
2025-09-30,52.13
2025-10-01,52.23
2025-10-02,51.74
2025-10-03,51.74
2025-10-06,51.64
2025-10-07,51.64
2025-10-08,51.34
2025-10-09,51.24
2025-10-10,51.14
2025-10-13,50.26
2025-10-14,49.96
2025-10-15,50.26
2025-10-16,49.86
2025-10-17,49.86
2025-10-20,47.3
2025-10-21,48.78
2025-10-22,49.02
2025-10-23,48.78
2025-10-24,48.29
2025-10-27,48.24
2025-10-28,48.24
2025-10-29,48.09
2025-10-30,47.84
2025-10-31,49.37
2025-11-03,48.78
2025-11-04,48.24
2025-11-05,48.14
2025-11-06,48.73
2025-11-07,47.94
2025-11-10,48.58
2025-11-11,48.53
2025-11-12,48.73
2025-11-13,47.3
2025-11-14,47.99
2025-11-17,47.6
2025-11-18,47.7
2025-11-19,46.56
2025-11-20,46.56
2025-11-21,45.43
2025-11-24,46.61
2025-11-25,46.32
2025-11-26,46.71
2025-11-27,46.81
2025-11-28,46.91
2025-12-01,48.58
2025-12-02,49.67
2025-12-03,49.37
2025-12-04,49.37
2025-12-05,49.47
2025-12-08,48.48
2025-12-09,48.38
2025-12-10,47.99
2025-12-11,48.29
2025-12-12,47.89
2025-12-15,47.84
2025-12-16,48.29
2025-12-17,48.88
2025-12-18,48.78
2025-12-19,49.17
2025-12-22,49.57
2025-12-23,49.47
2025-12-24,49.37
2025-12-25,49.86
2025-12-26,49.76
2025-12-29,49.96
2025-12-30,50.95
2025-12-31,51.74
2026-01-05,51.34
2026-01-06,51.05
2026-01-07,51.74
2026-01-08,51.74
2026-01-09,51.74
2026-01-12,51.54
2026-01-13,52.33
2026-01-14,52.42
2026-01-15,52.92
2026-01-16,53.41
2026-01-19,53.71
2026-01-20,52.82
2026-01-21,52.82
2026-01-22,52.82
2026-01-23,52.92
2026-01-26,53.12
2026-01-27,52.92
2026-01-28,53.02
2026-01-29,53.02
2026-01-30,53.41
2026-02-02,53.21
2026-02-03,53.31
2026-02-04,53.31
2026-02-05,53.41
2026-02-06,53.31
2026-02-09,53.21
2026-02-10,53.02
2026-02-11,53.12
2026-02-12,53.02
2026-02-13,52.62
2026-02-23,52.92
2026-02-24,53.12
2026-02-25,53.12
2026-02-26,53.12
2026-02-27,53.21
2026-03-02,53.21
2026-03-03,53.21
2026-03-04,53.41
2026-03-05,53.51
2026-03-06,53.12
2026-03-09,52.92
2026-03-10,55.58
2026-03-11,55.87
2026-03-12,55.28
2026-03-13,54.2
2026-03-16,54.79
2026-03-17,55.28
2026-03-18,54.3
2026-03-19,54.2
2026-03-20,53.71
2026-03-23,53.61
2026-03-24,54.2
2026-03-25,54.4
2026-03-26,53.71
2026-03-27,54.0
2026-03-30,54.2
2026-03-31,53.9
2026-04-01,54.89
2026-04-02,54.79
2026-04-03,54.89
2026-04-06,54.89
2026-04-07,54.69
2026-04-08,54.79
2026-04-09,54.79
2026-04-10,54.69
2026-04-13,55.09
2026-04-14,55.18
2026-04-15,55.09
2026-04-16,55.09
2026-04-17,55.38
2026-04-20,55.18
2026-04-21,54.3
2026-04-22,50.55
2026-04-23,49.08
2026-04-24,47.65
2026-04-28,46.81
2026-04-29,50.06
2026-05-04,49.17
2026-05-05,49.17
2026-05-06,48.48
2026-05-07,46.91
2026-05-08,47.4
2026-05-11,46.17
2026-05-12,46.17
2026-05-13,47.0
2026-05-14,47.06
2026-05-15,46.36
2026-05-18,45.58
2026-05-19,46.32
2026-05-20,46.12
2026-05-21,46.22
2026-05-22,45.97
2026-05-25,45.63
2026-05-26,45.92
2026-05-27,45.82
2026-05-28,45.43
2026-05-29,45.43
2026-06-01,45.43
2026-06-02,45.23
2026-06-03,44.64
2026-06-04,45.33
2026-06-05,45.13
2026-06-08,45.13
2026-06-09,45.33
2026-06-10,45.48
2026-06-11,45.48
2026-06-12,45.48
2026-06-15,45.48
2026-06-16,45.43
2026-06-17,45.23
2026-06-18,44.94
2026-06-19,44.84
2026-06-22,43.56
2026-06-23,43.06
2026-06-24,42.87
2026-06-25,42.28
2026-06-26,41.44
2026-06-29,40.75
2026-06-30,40.6
2026-07-01,41.19
2026-07-02,42.08
2026-07-03,42.32
2026-07-06,42.28
2026-07-07,41.19
2026-07-08,41.09
2026-07-09,40.9
2026-07-10,40.6
2026-07-13,39.6
2026-07-14,39.0
2026-07-15,39.0
2026-07-16,40.3
2026-07-17,39.1
2026-07-20,37.65
2026-07-21,36.0
2026-07-22,35.8
2026-07-23,35.0
2026-07-24,35.0
2026-07-27,35.0
2026-07-28,35.0
2026-07-29,35.7
2026-07-30,36.0
2026-07-31,35.1
2026-08-03,36.7
2026-08-04,36.1
2026-08-05,36.8
2026-08-06,36.7
2026-08-07,36.7
2026-08-10,36.85
2026-08-11,37.2
2026-08-12,37.5
2026-08-13,37.65
2026-08-14,37.1
2026-08-17,36.8
2026-08-18,37.1
2026-08-19,37.3
2026-08-20,37.2
2026-08-21,37.65
2026-08-24,38.8
